10/4/2013 09:35:46,P,,TimedOut
10/4/2013 09:35:49,P,,TimedOut
10/4/2013 09:35:52,P,,TimedOut
10/4/2013 09:35:55,P,,TimedOut
10/4/2013 09:35:58,P,,TimedOut
10/4/2013 09:36:01,P,,TimedOut
10/4/2013 09:36:05,P,,TimedOut
10/4/2013 09:36:09,P,,TimedOut
10/4/2013 09:36:12,P,,TimedOut
10/4/2013 09:36:15,P,,TimedOut
10/4/2013 09:36:18,P,,TimedOut
10/4/2013 09:36:21,P,,TimedOut
10/4/2013 09:36:24,P,,TimedOut
10/4/2013 09:36:27,P,,TimedOut
10/4/2013 09:36:30,P,,TimedOut
10/4/2013 09:36:33,P,,TimedOut
10/4/2013 09:36:36,P,,TimedOut
10/4/2013 09:36:39,P,,TimedOut
2/18/2014 22:12:52,P,,TimedOut
2/18/2014 22:18:03,P,,TimedOut
2/18/2014 22:18:06,P,,TimedOut
2/18/2014 22:18:46,P,,TimedOut
2/18/2014 22:21:18,P,,TimedOut
2/18/2014 22:21:30,P,,TimedOut
2/18/2014 22:26:32,P,,TimedOut
2/18/2014 22:26:35,P,,TimedOut
2/18/2014 22:26:38,P,,TimedOut
2/18/2014 22:27:53,P,,TimedOut
2/18/2014 22:27:56,P,,TimedOut
2/18/2014 22:27:59,P,,TimedOut
2/18/2014 22:27:59,P,,Can't Ping 
2/18/2014 22:28:00,P,,Can't Ping 
2/18/2014 22:28:00,P,,Can't Ping 
2/18/2014 22:28:00,P,,Can't Ping 
2/18/2014 22:28:00,P,,Can't Ping 
2/18/2014 22:28:00,P,,Can't Ping 
2/18/2014 22:28:00,P,,Can't Ping 
2/18/2014 22:28:00,P,,Can't Ping 
2/18/2014 22:28:00,P,,Can't Ping 
2/18/2014 22:28:00,P,,Can't Ping 
2/18/2014 22:28:00,P,,Can't Ping 
2/18/2014 22:28:00,P,,Can't Ping 
2/18/2014 22:28:00,P,,Can't Ping 
2/18/2014 22:28:00,P,,Can't Ping 
2/18/2014 22:28:01,P,,Can't Ping 
2/18/2014 22:28:01,P,,Can't Ping 
2/18/2014 22:28:01,P,,Can't Ping 
2/18/2014 22:28:01,P,,Can't Ping 
2/18/2014 22:28:01,P,,Can't Ping 
2/18/2014 22:28:01,P,,Can't Ping 
2/18/2014 22:28:01,P,,Can't Ping 
2/18/2014 22:28:01,P,,Can't Ping 
2/18/2014 22:28:01,P,,Can't Ping 
2/18/2014 22:28:01,P,,Can't Ping 
2/18/2014 22:28:01,P,,Can't Ping 
2/18/2014 22:28:01,P,,Can't Ping 
2/18/2014 22:28:01,P,,Can't Ping 
2/18/2014 22:28:01,P,,Can't Ping 
2/18/2014 22:28:01,P,,Can't Ping 
2/18/2014 22:28:01,P,,Can't Ping 
2/18/2014 22:28:02,P,,Can't Ping 
2/18/2014 22:28:02,P,,Can't Ping 
2/18/2014 22:28:02,P,,Can't Ping 
2/18/2014 22:28:02,P,,Can't Ping 
2/18/2014 22:28:02,P,,Can't Ping 
2/18/2014 22:28:02,P,,Can't Ping 
2/18/2014 22:29:52,P,,TimedOut
2/18/2014 22:30:27,P,,TimedOut
2/18/2014 22:30:30,P,,TimedOut
2/18/2014 22:30:33,P,,TimedOut
2/18/2014 22:30:33,P,,Can't Ping 
2/18/2014 22:30:33,P,,Can't Ping 
2/18/2014 22:30:33,P,,Can't Ping 
2/18/2014 22:30:33,P,,Can't Ping 
2/18/2014 22:30:33,P,,Can't Ping 
2/18/2014 22:30:33,P,,Can't Ping 
2/18/2014 22:30:33,P,,Can't Ping 
2/18/2014 22:30:34,P,,Can't Ping 
2/18/2014 22:30:34,P,,Can't Ping 
2/18/2014 22:30:34,P,,Can't Ping 
2/18/2014 22:30:34,P,,Can't Ping 
2/18/2014 22:30:34,P,,Can't Ping 
2/18/2014 22:30:34,P,,Can't Ping 
2/18/2014 22:30:34,P,,Can't Ping 
2/18/2014 22:30:34,P,,Can't Ping 
2/18/2014 22:30:34,P,,Can't Ping 
2/18/2014 22:30:34,P,,Can't Ping 
2/18/2014 22:30:34,P,,Can't Ping 
2/18/2014 22:30:34,P,,Can't Ping 
2/18/2014 22:30:34,P,,Can't Ping 
2/18/2014 22:30:34,P,,Can't Ping 
2/18/2014 22:30:34,P,,Can't Ping 
2/18/2014 22:30:35,P,,Can't Ping 
2/18/2014 22:30:35,P,,Can't Ping 
2/18/2014 22:30:35,P,,Can't Ping 
2/18/2014 22:30:35,P,,Can't Ping 
2/18/2014 22:30:35,P,,Can't Ping 
2/18/2014 22:30:35,P,,Can't Ping 
2/18/2014 22:30:35,P,,Can't Ping 
2/18/2014 22:30:35,P,,Can't Ping 
2/18/2014 22:30:35,P,,Can't Ping 
2/18/2014 22:30:35,P,,Can't Ping 
2/18/2014 22:30:35,P,,Can't Ping 
2/18/2014 22:30:35,P,,Can't Ping 
2/18/2014 22:30:35,P,,Can't Ping 
2/18/2014 22:30:35,P,,Can't Ping 
2/18/2014 22:30:35,P,,Can't Ping 
2/18/2014 22:30:35,P,,Can't Ping 
2/18/2014 22:30:36,P,,Can't Ping 
2/18/2014 22:30:36,P,,Can't Ping 
2/18/2014 22:30:36,P,,Can't Ping 
2/18/2014 22:30:36,P,,Can't Ping 
2/18/2014 22:30:36,P,,Can't Ping 
2/18/2014 22:30:36,P,,Can't Ping 
2/18/2014 22:30:36,P,,Can't Ping 
2/18/2014 22:30:36,P,,Can't Ping 
2/18/2014 22:30:36,P,,Can't Ping 
2/18/2014 22:30:36,P,,Can't Ping 
2/18/2014 22:30:36,P,,Can't Ping 
2/18/2014 22:30:36,P,,Can't Ping 
2/18/2014 22:30:36,P,,Can't Ping 
2/18/2014 22:30:36,P,,Can't Ping 
2/18/2014 22:30:36,P,,Can't Ping 
2/18/2014 22:30:36,P,,Can't Ping 
2/18/2014 22:30:36,P,,Can't Ping 
2/18/2014 22:30:37,P,,Can't Ping 
2/18/2014 22:30:37,P,,Can't Ping 
2/18/2014 22:30:37,P,,Can't Ping 
2/18/2014 22:30:37,P,,Can't Ping 
2/18/2014 22:30:37,P,,Can't Ping 
2/18/2014 22:30:37,P,,Can't Ping 
2/18/2014 22:30:37,P,,Can't Ping 
2/18/2014 22:30:37,P,,Can't Ping 
2/18/2014 22:30:37,P,,Can't Ping 
2/18/2014 22:30:37,P,,Can't Ping 
2/18/2014 22:30:37,P,,Can't Ping 
2/18/2014 22:30:37,P,,Can't Ping 
2/18/2014 22:30:37,P,,Can't Ping 
2/18/2014 22:30:37,P,,Can't Ping 
2/18/2014 22:30:37,P,,Can't Ping 
2/18/2014 22:30:37,P,,Can't Ping 
2/18/2014 22:30:38,P,,Can't Ping 
2/18/2014 22:30:38,P,,Can't Ping 
2/18/2014 22:30:38,P,,Can't Ping 
2/18/2014 22:30:38,P,,Can't Ping 
2/18/2014 22:30:38,P,,Can't Ping 
2/18/2014 22:30:38,P,,Can't Ping 
2/18/2014 22:30:38,P,,Can't Ping 
2/18/2014 22:30:38,P,,Can't Ping 
2/18/2014 22:30:38,P,,Can't Ping 
2/18/2014 22:30:38,P,,Can't Ping 
2/18/2014 22:30:38,P,,Can't Ping 
2/18/2014 22:30:38,P,,Can't Ping 
2/18/2014 22:30:38,P,,Can't Ping 
2/18/2014 22:30:38,P,,Can't Ping 
2/18/2014 22:30:38,P,,Can't Ping 
2/18/2014 22:30:38,P,,Can't Ping 
2/18/2014 22:30:38,P,,Can't Ping 
2/18/2014 22:30:39,P,,Can't Ping 
2/18/2014 22:30:39,P,,Can't Ping 
2/18/2014 22:30:39,P,,Can't Ping 
2/18/2014 22:30:39,P,,Can't Ping 
2/18/2014 22:30:39,P,,Can't Ping 
2/18/2014 22:30:39,P,,Can't Ping 
2/18/2014 22:30:39,P,,Can't Ping 
2/18/2014 22:30:39,P,,Can't Ping 
2/18/2014 22:30:39,P,,Can't Ping 
2/18/2014 22:30:39,P,,Can't Ping 
2/18/2014 22:30:39,P,,Can't Ping 
2/18/2014 22:30:39,P,,Can't Ping 
2/18/2014 22:30:39,P,,Can't Ping 
2/18/2014 22:30:39,P,,Can't Ping 
2/18/2014 22:30:39,P,,Can't Ping 
2/18/2014 22:30:39,P,,Can't Ping 
2/18/2014 22:30:39,P,,Can't Ping 
2/18/2014 22:30:40,P,,Can't Ping 
2/18/2014 22:30:40,P,,Can't Ping 
2/18/2014 22:30:40,P,,Can't Ping 
2/18/2014 22:30:40,P,,Can't Ping 
2/18/2014 22:30:40,P,,Can't Ping 
2/18/2014 22:30:40,P,,Can't Ping 
2/18/2014 22:30:40,P,,Can't Ping 
2/18/2014 22:30:40,P,,Can't Ping 
2/18/2014 22:30:40,P,,Can't Ping 
2/18/2014 22:30:40,P,,Can't Ping 
2/18/2014 22:30:40,P,,Can't Ping 
2/18/2014 22:30:40,P,,Can't Ping 
2/18/2014 22:30:40,P,,Can't Ping 
2/18/2014 22:30:40,P,,Can't Ping 
2/18/2014 22:30:40,P,,Can't Ping 
2/18/2014 22:30:40,P,,Can't Ping 
2/18/2014 22:30:40,P,,Can't Ping 
2/18/2014 22:30:41,P,,Can't Ping 
2/18/2014 22:30:41,P,,Can't Ping 
2/18/2014 22:30:41,P,,Can't Ping 
2/18/2014 22:30:41,P,,Can't Ping 
2/18/2014 22:30:41,P,,Can't Ping 
2/18/2014 22:30:41,P,,Can't Ping 
2/18/2014 22:30:41,P,,Can't Ping 
2/18/2014 22:30:41,P,,Can't Ping 
2/18/2014 22:30:41,P,,Can't Ping 
2/18/2014 22:37:19,P,,TimedOut
2/18/2014 22:37:22,P,,TimedOut
2/18/2014 22:37:25,P,,TimedOut
2/18/2014 22:37:28,P,,TimedOut
2/18/2014 22:37:28,P,,Can't Ping 
2/18/2014 22:37:28,P,,Can't Ping 
2/18/2014 22:37:28,P,,Can't Ping 
2/18/2014 22:37:28,P,,Can't Ping 
2/18/2014 22:37:28,P,,Can't Ping 
2/18/2014 22:37:28,P,,Can't Ping 
2/18/2014 22:37:28,P,,Can't Ping 
2/18/2014 22:37:57,P,,TimedOut
2/18/2014 22:38:00,P,,TimedOut
2/18/2014 22:38:03,P,,TimedOut
2/18/2014 22:38:06,P,,TimedOut
2/18/2014 22:38:09,P,,TimedOut
2/18/2014 22:38:12,P,,TimedOut
2/18/2014 22:38:15,P,,TimedOut
2/18/2014 22:38:18,P,,TimedOut
2/18/2014 22:38:21,P,,TimedOut
2/18/2014 22:38:24,P,,TimedOut
2/18/2014 22:38:27,P,,TimedOut
2/18/2014 22:38:30,P,,TimedOut
2/18/2014 22:38:33,P,,TimedOut
2/18/2014 22:38:36,P,,TimedOut
2/18/2014 22:38:39,P,,TimedOut
2/18/2014 22:40:01,P,,TimedOut
2/18/2014 22:40:04,P,,TimedOut
2/18/2014 22:46:14,P,,TimedOut
2/18/2014 22:49:07,P,,TimedOut
2/18/2014 22:49:10,P,,TimedOut
2/18/2014 22:49:22,P,,TimedOut
2/18/2014 22:49:50,P,,TimedOut
2/18/2014 22:49:53,P,,TimedOut
2/18/2014 22:49:56,P,,TimedOut
2/18/2014 22:49:59,P,,TimedOut
2/18/2014 22:50:02,P,,TimedOut
2/18/2014 22:50:05,P,,TimedOut
2/18/2014 22:50:08,P,,TimedOut
2/18/2014 22:50:11,P,,TimedOut
2/18/2014 22:50:14,P,,TimedOut
2/18/2014 22:50:57,P,,TimedOut
2/18/2014 22:51:00,P,,TimedOut
